<?xml version="1.0" encoding="UTF-8"?>
<project-private xmlns="http://www.netbeans.org/ns/project-private/1">
    <editor-bookmarks xmlns="http://www.netbeans.org/ns/editor-bookmarks/2" lastBookmarkId="0"/>
    <open-files xmlns="http://www.netbeans.org/ns/projectui-open-files/2">
        <group>
            <file>file:/C:/Users/User/Documents/NetBeansProjects/SuperMan/src/superman/supplier.java</file>
            <file>file:/C:/Users/User/Documents/NetBeansProjects/SuperMan/src/superman/Home.java</file>
            <file>file:/C:/Users/User/Documents/NetBeansProjects/SuperMan/src/superman/SuperMan.java</file>
            <file>file:/C:/Users/User/Documents/NetBeansProjects/SuperMan/src/superman/customer.java</file>
            <file>file:/C:/Users/User/Documents/NetBeansProjects/SuperMan/src/superman/employee.java</file>
            <file>file:/C:/Users/User/Documents/NetBeansProjects/SuperMan/src/superman/db.java</file>
        </group>
    </open-files>
</project-private>
